cty,hhinc00
1001,34379.539
1003,39219.598
1005,24274.195
1007,24927.521
1009,30229.857
1011,18084.561
1013,30493.453
1015,31739.221
1017,28871.576
1019,28795.928
1021,28448.609
1023,27724.395
1025,28073.506
1027,26455.26
1029,27411.094
1031,33960.359
1033,33145.203
1035,25457.959
1037,27354.184
1039,29839.672
1041,28369.6
1043,31528.854
1045,28494.76
1047,26798.918
1049,29350.537
1051,31156.057
1053,26024.191
1055,31576.697
1057,27426.598
1059,27611.736
1061,27748.285
1063,27643.834
1065,25042.623
1067,29945.088
1069,35262.852
1071,29498.898
1073,38584.137
1075,27185.629
1077,34223.008
1079,30491.068
1081,28575.398
1083,31877.979
1085,25080.873
1087,24916.775
1089,41283.332
1091,30357.42
1093,28465.76
1095,32007.781
1097,32258.135
1099,29595.238
1101,34834.207
1103,35159.695
1105,22062.256
1107,27061.1
1109,26834.854
1111,27389.764
1113,26292.465
1115,32119.357
1117,47774.16
1119,22241.885
1121,29031.361
1123,32640.594
1125,32620.277
1127,28756.691
1129,27214.59
1131,21333.018
1133,29060.262
2013,16695.863
2016,23637.148
2020,43439.391
2050,25192.385
2060,39909.406
2070,31700.424
2090,36980.746
2100,39490.578
2110,45297.344
2122,37242.844
2130,42022.125
2150,38933.156
2164,30215.986
2170,37692.781
2180,29588.639
2185,39123.141
2188,27612.824
2201,32033.189
2220,41167.246
2231,33977.762
2240,29948.416
2261,39971.68
2270,19556.951
2280,43557.324
2290,25953.68
4001,18468.693
4003,29920.49
4005,29986.326
4007,33454.613
4009,21866.971
4011,30213.033
4012,31616.744
4013,41328.645
4015,33909.586
4017,23339.273
4019,36698.137
4021,29963.633
4023,27007.637
4025,39299.906
4027,30315.057
5001,31831.959
5003,30092.701
5005,35632.883
5007,37364.531
5009,30951.275
5011,26020.908
5013,29563.602
5015,30761.631
5017,25239.551
5019,25843.984
5021,28955.17
5023,34169.121
5025,29122.568
5027,29376.813
5029,30986.84
5031,30387.973
5033,28120.955
5035,27743.926
5037,30160.551
5039,28801.146
5041,26621.475
5043,30235.875
5045,31470.23
5047,28036.572
5049,31187.461
5051,37213.195
5053,32312.014
5055,30772.043
5057,27406.498
5059,29273.795
5061,30259.398
5063,30174.303
5065,27500.047
5067,26282.086
5069,28181.014
5071,28264.48
5073,27850.586
5075,26749.807
5077,20034.219
5079,19187.566
5081,30190.645
5083,28131.596
5085,32152.266
5087,27665.689
5089,28984.748
5091,31066.48
5093,27086.453
5095,27439.068
5097,29124.365
5099,27086.945
5101,25709.42
5103,30013.191
5105,30754.205
5107,25327.711
5109,29871.465
5111,24828.018
5113,27898.766
5115,29302.461
5117,30636.727
5119,38549.699
5121,27997.883
5123,23152.955
5125,35334.934
5127,26441.344
5129,24785.381
5131,34128.266
5133,27142.906
5135,29638.193
5137,27581.871
5139,31285.293
5141,34072.988
5143,30310.846
5145,29205.207
5147,26141.85
5149,29108.018
6001,46859.598
6003,41543.504
6005,36951.52
6007,32930.879
6009,41266.102
6011,28495.387
6013,56180.246
6015,23836.625
6017,47239.402
6019,29642.639
6021,27699.229
6023,30378.873
6025,23365.527
6027,38828.59
6029,28781.379
6031,23396.008
6033,33166.813
6035,21189.17
6037,37667.68
6039,26952.248
6041,77942.648
6043,32640.98
6045,35844.059
6047,28234.398
6049,33684.395
6051,38203.516
6053,35919.711
6055,49310.059
6057,45822.441
6059,46603.75
6061,52340.113
6063,37051.895
6065,36736.992
6067,38938.148
6069,39424.434
6071,31604.172
6073,40913.484
6075,56014.965
6077,33102.285
6079,37607.988
6081,63831.777
6083,41596.125
6085,57068.918
6087,45074.578
6089,34162.313
6091,36042.094
6093,34213.73
6095,39182.285
6097,46265.77
6099,32593.629
6101,33245.52
6103,31277.445
6105,31241.389
6107,27568.313
6109,36429.5
6111,45268.957
6113,33514.996
6115,26667.383
8001,35684
8003,26646.979
8005,49699.043
8007,39341.234
8009,31259.881
8011,23278.188
8013,47956.535
8015,33185.09
8017,35453.105
8019,46079.949
8021,25271.342
8023,21006.961
8025,16024.098
8027,36738.848
8029,33721.477
8031,41383.379
8033,32178.379
8035,62289.23
8037,50576.371
8039,44057.605
8041,38869.242
8043,24578.068
8045,37727.496
8047,41319.16
8049,40410.566
8051,32474.756
8053,39201.309
8055,26164.502
8057,31589.98
8059,49089.262
8061,31436.939
8063,32042.684
8065,31539.488
8067,35849.973
8069,40443.223
8071,33266.039
8073,25562.008
8075,28896.621
8077,35019.207
8079,44934.051
8081,33103.313
8083,32477.295
8085,33053.488
8087,30268.703
8089,29363.32
8091,43084.563
8093,41110.281
8095,34216.117
8097,61942.297
8099,27609.412
8101,32680.758
8103,30883.57
8105,30910.924
8107,45590.828
8109,24113.211
8111,26862.508
8113,51627.504
8115,32814.43
8117,41656.844
8119,40085.336
8121,36305.434
8123,34227.902
8125,32376.518
9001,71794.664
9003,48615.953
9005,52961.852
9007,51241.609
9009,45598.855
9011,44401.383
9013,43430.691
9015,37086.051
10001,34522.707
10003,45549.883
10005,39048.18
11001,48273.488
12001,29809.719
12003,26134.439
12005,33971.727
12007,24707.785
12009,42105.285
12011,43853.043
12013,22167.1
12015,50384.289
12017,41833.977
12019,37969.828
12021,64055.816
12023,26955.727
12025,33858.605
12027,26607.883
12029,24957.092
12031,37234.598
12033,31893.74
12035,47156.809
12037,23809.287
12039,25763.381
12041,25234.236
12043,28540.016
12045,26327.736
12047,17936.52
12049,23655.861
12051,24685.566
12053,41394.531
12055,41206.668
12057,39574.906
12059,25589.797
12061,60261.957
12063,24813.371
12065,30651.869
12067,21306.725
12069,43323.383
12071,51141.941
12073,34051.441
12075,28365.33
12077,23433.957
12079,23700.803
12081,46719.09
12083,37406.633
12085,63462.047
12087,44102.875
12089,41652.699
12091,37075.152
12093,27803.895
12095,36818.371
12097,31187.443
12099,59272.852
12101,39765.574
12103,46209.227
12105,36054.211
12107,31132.668
12109,53471.844
12111,39046.719
12113,36385.621
12115,62212.363
12117,43796.316
12119,33024.313
12121,28038.779
12123,26252.742
12125,16810.627
12127,38714.926
12129,30107.271
12131,33288.645
12133,27884.975
13001,28163.639
13003,23363.539
13005,26066.98
13007,34976.148
13009,26337.123
13011,31016.156
13013,33736.719
13015,34555.895
13017,26884.115
13019,30590.41
13021,35717.754
13023,30144.322
13025,25134.795
13027,27235.41
13029,36608.359
13031,26771.756
13033,25425.248
13035,27055.754
13037,18806.273
13039,28363.012
13043,24988.16
13045,31329.924
13047,32934.98
13049,21686.523
13051,38748.957
13053,14591.5
13055,26007.656
13057,43897.766
13059,26219.918
13061,32765.57
13063,31964.578
13065,23091.908
13067,47446.656
13069,27921.699
13071,26707.295
13073,42648.977
13075,25895.119
13077,40096.941
13079,28506.443
13081,28437.805
13083,28709.66
13085,39719.043
13087,28913.08
13089,40653.27
13091,26782.115
13093,24156.229
13095,30581.141
13097,37355.828
13099,30163.043
13101,29171.082
13103,34442.313
13105,27854.904
13107,25407.596
13109,22976.102
13111,30985.574
13113,53865.375
13115,32724.613
13117,51956.5
13119,29578.721
13121,51072.809
13123,31437.721
13125,27425.359
13127,40995.914
13129,31696.096
13131,27112.443
13133,44066.219
13135,42831.348
13137,31706.465
13139,35069.637
13141,17927.701
13143,29466.773
13145,39802.656
13147,31613.084
13149,29127.578
13151,41329.984
13153,34890.66
13155,29090.988
13157,32407.27
13159,36109.246
13161,25860.732
13163,26000.656
13165,26531.078
13167,24327.729
13169,34877.074
13171,30424.814
13173,24205.516
13175,31288.141
13177,35387.984
13179,22629.875
13181,28882.736
13183,22993.043
13185,27397.281
13187,30412.91
13189,34168.496
13191,26941.857
13193,21724.338
13195,31050.479
13197,25930.689
13199,30172.109
13201,30802.072
13205,23423.74
13207,35063.066
13209,25005.928
13211,35193.648
13213,28931.99
13215,33184.25
13217,35354.387
13219,44892.055
13221,31452.438
13223,36223.395
13225,28183.529
13227,36021.457
13229,26760.715
13231,33356.539
13233,28970.191
13235,28670.08
13237,37201.621
13239,29545.305
13241,37732.906
13243,23219.01
13245,30235.002
13247,39874.52
13249,28498.68
13251,27384.438
13253,28213.34
13255,31154.645
13257,28803.779
13259,33444.844
13261,28431.883
13263,26739.818
13265,30081.746
13267,21074.697
13269,24384.246
13271,23851.713
13273,26851.117
13275,30982.047
13277,31119.529
13279,27207.533
13281,35967.457
13283,24311.264
13285,32975.875
13287,26716.326
13289,26776.516
13291,36629.207
13293,32311.6
13295,29232.295
13297,35885.152
13299,26753.703
13301,28065.025
13303,27967.648
13305,27430.939
13307,28083.422
13309,22294.811
13311,31230.131
13313,33918.734
13315,23175.893
13317,28769.568
13319,27949.115
13321,30258.135
15001,35009.516
15003,39403.992
15007,38209.547
15009,39561.988
16001,40061.988
16003,28445.105
16005,31215.896
16007,29018.059
16009,29379.516
16011,29051.5
16013,52969.227
16015,33987.004
16017,31136.527
16019,35201.785
16021,28982.873
16023,29344.836
16025,35866.266
16027,29085.506
16029,30717.447
16031,28896.207
16033,21415.168
16035,27695.596
16037,29909.357
16039,23134.502
16041,29827.621
16043,27508.465
16045,30645.426
16047,29246.781
16049,26799.607
16051,28268.564
16053,30837.785
16055,33962.563
16057,26109.432
16059,31273.211
16061,31719.232
16063,29041.102
16065,18100.758
16067,27800.764
16069,35334.234
16071,29791.941
16073,26783.443
16075,29699.645
16077,28721.299
16079,29632.576
16081,33051.637
16083,32260.27
16085,35213.555
16087,31222.631
17001,34574.117
17003,30134.82
17005,29228.332
17007,41394.414
17009,20173.107
17011,38285.832
17013,33122.191
17015,37447.391
17017,30958.77
17019,32419.898
17021,34018.602
17023,34880.844
17025,30838.764
17027,34353.59
17029,28996.846
17031,42449.973
17033,29768.967
17035,32753.885
17037,32699.871
17039,38772.91
17041,36061.848
17043,56273.867
17045,33949
17047,31593.654
17049,36133.949
17051,27226.154
17053,37779.57
17055,30084.541
17057,32155.109
17059,29619.473
17061,30012.373
17063,41801.371
17065,32327.176
17067,34588.344
17069,27999.576
17071,32932.758
17073,36483.227
17075,36657.395
17077,25176.484
17079,32471.215
17081,30672.438
17083,36483.695
17085,41319.039
17087,24541.461
17089,44908.754
17091,35617.48
17093,45992.242
17095,32940.672
17097,58363.574
17099,36775.809
17101,32930.109
17103,33827.492
17105,33472.961
17107,30281.668
17109,25994.918
17111,48750.82
17113,37902.75
17115,37942.012
17117,33655.781
17119,38288.055
17121,33731.105
17123,37024.828
17125,33622.172
17127,30632.037
17129,40587.648
17131,35531.645
17133,43075.246
17135,29516.305
17137,32392.217
17139,35836.941
17141,39131.441
17143,39371.305
17145,27041.16
17147,40375.652
17149,30973.066
17151,29667.855
17153,26036.311
17155,38223.305
17157,30116.871
17159,32936.918
17161,37137.73
17163,35936.641
17165,30009.848
17167,42926.262
17169,33645.215
17171,32911.016
17173,34166.828
17175,33599.137
17177,38326.734
17179,39774.102
17181,30581.207
17183,32058.615
17185,32252.549
17187,31312.945
17189,36953.469
17191,31100.926
17193,31744.336
17195,37039.844
17197,45064.531
17199,33051.246
17201,39523.832
17203,42680.852
18001,33806.137
18003,40042.922
18005,39627.141
18007,33876.613
18009,31113.582
18011,45780
18013,37158.246
18015,37043.383
18017,35298.203
18019,35678.082
18021,31841.49
18023,33630.02
18025,29672.311
18027,31891.438
18029,37733.145
18031,35226.051
18033,36558.223
18035,33924.223
18037,38385.598
18039,37882.332
18041,35413.16
18043,40420.316
18045,34467.719
18047,35581.043
18049,34608.582
18051,34700.832
18053,33221.914
18055,31422.521
18057,61445.895
18059,45786.617
18061,35624.602
18063,41267.023
18065,36568.477
18067,41271.848
18069,36539.348
18071,34382.461
18073,35588.391
18075,32311.691
18077,31603.795
18079,31540.385
18081,41744.367
18083,29080.398
18085,37049.766
18087,32421.41
18089,36950.586
18091,34268.133
18093,32957.23
18095,36899.398
18097,39307.93
18099,35444.344
18101,31982.373
18103,32574.594
18105,28796.623
18107,35611.887
18109,37577.527
18111,32687.279
18113,33809.93
18115,36538.262
18117,32000.934
18119,31574.482
18121,30625.947
18123,30202.473
18125,30326.045
18127,42690.273
18129,36676.234
18131,32176.875
18133,28902.582
18135,32719.627
18137,34031.188
18139,34513.547
18141,36597.23
18143,29339.869
18145,37879.445
18147,33754.113
18149,31117.906
18151,37455.484
18153,27078.783
18155,32986.156
18157,30899.01
18159,40888.262
18161,36861.891
18163,37940.547
18165,34901.492
18167,31158.09
18169,33786.762
18171,34722.434
18173,40173.344
18175,30770.742
18177,33367.188
18179,36864.16
18181,34867.125
18183,38796.664
19001,35823.309
19003,31999.725
19005,33105.207
19007,29317.775
19009,38447.652
19011,36865.184
19013,34009.793
19015,37805.902
19017,35462.867
19019,36962.727
19021,31021.725
19023,34437.488
19025,33773.957
19027,37943.934
19029,34243.965
19031,36785.551
19033,37046.359
19035,36043.777
19037,36373.121
19039,32496.824
19041,37864.715
19043,33314.09
19045,34168.625
19047,31068.918
19049,42681.867
19051,30390.727
19053,26786.701
19055,34412.645
19057,37815.844
19059,43394.938
19061,36784.918
19063,32116.797
19065,34053.734
19067,33788.535
19069,37950.441
19071,36993.715
19073,34883.066
19075,39041.113
19077,39732.207
19079,37919.664
19081,35773.91
19083,35542.938
19085,35658.68
19087,32484.834
19089,36247.996
19091,38340.129
19093,38718.16
19095,37446.074
19097,34087.492
19099,36412.578
19101,35263.371
19103,35106.371
19105,31253.65
19107,35428.594
19109,34238.859
19111,34951.57
19113,41893.863
19115,34241.859
19117,30826.061
19119,33483.77
19121,37751.43
19123,35177.004
19125,35474.469
19127,34649.582
19129,34942.664
19131,36379.895
19133,36290.285
19135,35025.996
19137,33452.063
19139,36607.145
19141,34451.375
19143,34059.715
19145,32472.918
19147,35936.844
19149,39104.473
19151,36325.707
19153,42541.348
19155,36155.445
19157,34845.473
19159,32030.855
19161,35393.242
19163,39109.734
19165,35873.605
19167,31354.465
19169,31215.6
19171,34488.707
19173,31248.66
19175,32747.996
19177,31271.949
19179,31603.758
19181,37652.074
19183,36032.809
19185,33688.195
19187,33721.434
19189,35823.27
19191,30866.799
19193,35904.883
19195,34331.063
19197,37822.309
20001,30789.332
20003,33751.125
20005,29586.842
20007,35011.355
20009,33244.918
20011,32681.363
20013,31287.549
20015,38080.254
20017,34115.453
20019,34174.457
20021,28373.662
20023,40369.508
20025,37627.195
20027,36973.902
20029,35664.637
20031,36117.961
20033,37696.18
20035,33575.148
20037,29099.203
20039,35396.559
20041,35838.938
20043,28502.6
20045,31728.92
20047,36442.059
20049,34962.605
20051,32638.023
20053,30182.832
20055,29226.385
20057,30300.344
20059,32982.031
20061,29961.832
20063,39258.102
20065,36775.469
20067,33595.859
20069,37445.988
20071,41746.063
20073,33458.934
20075,34416.25
20077,34630.609
20079,36754.16
20081,35064.313
20083,33074.895
20085,36670.406
20087,36419.645
20089,35658.703
20091,55932.453
20093,31830.889
20095,38366.453
20097,34634.305
20099,30034.1
20101,38978.418
20103,33853.313
20105,33214.238
20107,33441.555
20109,36147.035
20111,28136.652
20113,36711.848
20115,32702.537
20117,35718.082
20119,35827.52
20121,39762.438
20123,36210.691
20125,32377.092
20127,38351.148
20129,33709.098
20131,36966.289
20133,32447.561
20135,38380.914
20137,27980.414
20139,34235.129
20141,36610.844
20143,34400.195
20145,32776.973
20147,36217.883
20149,34509.867
20151,35330.395
20153,38162.984
20155,34107.785
20157,37314.145
20159,31430.35
20161,23758.154
20163,32688.361
20165,39324.477
20167,35595.664
20169,35806.664
20171,41016.508
20173,39140.395
20175,28565.146
20177,38660.664
20179,34171.801
20181,32269.629
20183,33033.199
20185,34547.344
20187,35967.719
20189,36028.66
20191,36383.547
20193,36565.969
20195,35033.762
20197,34729.301
20199,35310.836
20201,33610.309
20203,33253.168
20205,30606.141
20207,30107.104
20209,30213.551
21001,27275.65
21003,27289.703
21005,34574.008
21007,35432.383
21009,31228.088
21011,28245.441
21013,20983.311
21015,42490.707
21017,34313.625
21019,32462.23
21021,32608.725
21023,30855.936
21025,19891.328
21027,28678.975
21029,32341.936
21031,26674.719
21033,30818.92
21035,28383.031
21037,38078.211
21039,31301.381
21041,30608.406
21043,24446.973
21045,24035.906
21047,25064.516
21049,34467.148
21051,15622.943
21053,24363.266
21055,28564.9
21057,24484.273
21059,35002.738
21061,26692.738
21063,22479.266
21065,22414.551
21067,38379.211
21069,26289.721
21071,21925.908
21073,37457.418
21075,28244.551
21077,30413.006
21079,31299.514
21081,31075.977
21083,32080.814
21085,27387.682
21087,30908.832
21089,31593.705
21091,30345.625
21093,30964.676
21095,21711.563
21097,32199.504
21099,25627.318
21101,33570.734
21103,33020.867
21105,31900.871
21107,32249.977
21109,19645.023
21111,40944.969
21113,33253.867
21115,25040.123
21117,40291.617
21119,20066.791
21121,19781.076
21123,30265.145
21125,25632.332
21127,21730.758
21129,23541.34
21131,18464.504
21133,21254.729
21135,21800.98
21137,25453.438
21139,31162.801
21141,30003.951
21143,25053.682
21145,36592.766
21147,17691.121
21149,29702.268
21151,28071.23
21153,19557.383
21155,26130.285
21157,34313.922
21159,18984.207
21161,31386.068
21163,29283.107
21165,20269.355
21167,33756.359
21169,25149.457
21171,26476.516
21173,30302.189
21175,21323.602
21177,26908.645
21179,33135.762
21181,30069.91
21183,28371.146
21185,43183.27
21187,29336.232
21189,20165.271
21191,30299.303
21193,21587.785
21195,25107.68
21197,23442.434
21199,28260.549
21201,25798.838
21203,22410.805
21205,22243.602
21207,24586.309
21209,37226.391
21211,35744.395
21213,32737.201
21215,35421
21217,28267.24
21219,29057.293
21221,32725.297
21223,30390.385
21225,30345.971
21227,32191.547
21229,30077.129
21231,23205.527
21233,28704.736
21235,23262.857
21237,19134.52
21239,41035.242
22001,26013.68
22003,21451.822
22005,32498.547
22007,26015.666
22009,22668.813
22011,28623.412
22013,25193.039
22015,33192.234
22017,33676.992
22019,32913.77
22021,25491.939
22023,28101.828
22025,23200.217
22027,27002.967
22029,23464.57
22031,26672.584
22033,35063.91
22035,18061.629
22037,24992.557
22039,22260.645
22041,25255.631
22043,27901.998
22045,27104.955
22047,23027.225
22049,29627.768
22051,36175.371
22053,26178.51
22055,34493.332
22057,29033.41
22059,26119.977
22061,24214.1
22063,29887.072
22065,18595.135
22067,25908.783
22069,25020.385
22071,31245.898
22073,31979.492
22075,29653.795
22077,29562.721
22079,30100.172
22081,24167.389
22083,24397.227
22085,30067.252
22087,31236.064
22089,35303.805
22091,23966.861
22093,27864.939
22095,28554.84
22097,23520.596
22099,25535.299
22101,25059.678
22103,41437.766
22105,25878.748
22107,24195.289
22109,29248.146
22111,28136.004
22113,27298.266
22115,24213.512
22117,24511.658
22119,29662.873
22121,29124.238
22123,23220.699
22125,19089.816
22127,21771.676
23001,34174.09
23003,27951.674
23005,43116.047
23007,28720.301
23009,36346.949
23011,33758.445
23013,37518.844
23015,40065.32
23017,31952.738
23019,31379.07
23021,27504.678
23023,37584.969
23025,28809.871
23027,31875.129
23029,26504.859
23031,39472.473
24001,28884.734
24003,48221.684
24005,48399.406
24009,46973.719
24011,32725.279
24013,44014.059
24015,39101.016
24017,43522.418
24019,36487.273
24021,45999.18
24023,30261.145
24025,44495.461
24027,57179.387
24029,40577.656
24031,64383.434
24033,40653.539
24035,49025.848
24037,40349.945
24039,24017.846
24041,55981.773
24043,34538.348
24045,34752.566
24047,43363.477
24510,30981.814
25001,51116.773
25003,41421.715
25005,38865.34
25007,48058.836
25009,49378.359
25011,37757.063
25013,36911.289
25015,35566.637
25017,55183.582
25019,49650.895
25021,59892.371
25023,45672.477
25025,37723.316
25027,42496.668
26001,35838.852
26003,30307.404
26005,37297.527
26007,33856.422
26009,38311.801
26011,30767.814
26013,29110.635
26015,38486.508
26017,36673.164
26019,35536.938
26021,37829.645
26023,31243.293
26025,35811.855
26027,36111.672
26029,38650.559
26031,34831.426
26033,25099.146
26035,31066.639
26037,42456.711
26039,32243.682
26041,35362.516
26043,36506.477
26045,40621.219
26047,39288.988
26049,38963.457
26051,32227.268
26053,31317.764
26055,40664.559
26057,29215.662
26059,33925.457
26061,26198.256
26063,35704.008
26065,35684.285
26067,30523.508
26069,34506.98
26071,34001.453
26073,25898.678
26075,36598.965
26077,38182.832
26079,30741.963
26081,39903.004
26083,31430.199
26085,27501.854
26087,39058.512
26089,47951.859
26091,36583.66
26093,50760.969
26095,25584.439
26097,34112.152
26099,45078.84
26101,32639.4
26103,31295.918
26105,34062.965
26107,28495.137
26109,32343.084
26111,43497.891
26113,31469.09
26115,41287.996
26117,29601.27
26119,33697.063
26121,33442.977
26123,32970.441
26125,58717.988
26127,30683.4
26129,31076.252
26131,32192.234
26133,30037.309
26135,31331.709
26137,38063.113
26139,40011.523
26141,34714.582
26143,36286.355
26145,36694.758
26147,39974.258
26149,34509.773
26151,33258.574
26153,32684.912
26155,35734.398
26157,33470.496
26159,33612.563
26161,44387.285
26163,38080.168
26165,32782.832
27001,36147.637
27003,41486.313
27005,33584.141
27007,29032.732
27009,34504.313
27011,34067.078
27013,31449.947
27015,38081.715
27017,33639.414
27019,53249.141
27021,34126.852
27023,36252.594
27025,39479.613
27027,31545.17
27029,30432.457
27031,39705.711
27033,34473.367
27035,37280.379
27037,48478.094
27039,37126.34
27041,36615.68
27043,36166.508
27045,34644.23
27047,36159.68
27049,41594.273
27051,35539.117
27053,50631.82
27055,36665.578
27057,35499.703
27059,37644.855
27061,34060.238
27063,34829.578
27065,34270.09
27067,37543.18
27069,35206.23
27071,37115.172
27073,36784.68
27075,38560.086
27077,33387.832
27079,39271.746
27081,33441.246
27083,33740.012
27085,39010.789
27087,27802.104
27089,32756.869
27091,37114.883
27093,36832.281
27095,34359.16
27097,32888.734
27099,40544.664
27101,37302.961
27103,35272.699
27105,33800.758
27107,33179.242
27109,45263.031
27111,36054.254
27113,32244.633
27115,32101.686
27117,34468.883
27119,33472.949
27121,39344.297
27123,42381.684
27125,30029.336
27127,38539.156
27129,36836.645
27131,33858.172
27133,36468.426
27135,33400.316
27137,34799.844
27139,48289.836
27141,38772.855
27143,36157.254
27145,34042.816
27147,38398.477
27149,31794.822
27151,29921.432
27153,30914.357
27155,37423.82
27157,37858.258
27159,31095.168
27161,33619.926
27163,50821.703
27165,33923.047
27167,33270.762
27169,31703.291
27171,40943.598
27173,34322.391
28001,30661.838
28003,28966.229
28005,26895.162
28007,27300.559
28009,23458.1
28011,22310.65
28013,29023.43
28015,29196.434
28017,25741.951
28019,26447.227
28021,19485.117
28023,28568.627
28025,28266.279
28027,25675.197
28029,23132.518
28031,28284.342
28033,37487.633
28035,26143.02
28037,26718.826
28039,26883.117
28041,20124.131
28043,26818.176
28045,33289.559
28047,31905.461
28049,32626.871
28051,21218.852
28053,21845.514
28055,18660.059
28057,27868.572
28059,32187.52
28061,25153.236
28063,17196.852
28065,23079.041
28067,27807.186
28069,23063.791
28071,25791.613
28073,34726.953
28075,30563.684
28077,27661.449
28079,25571.643
28081,35246.645
28083,23464.791
28085,26831.469
28087,30805.389
28089,43161.258
28091,23433.133
28093,25583.148
28095,26982.561
28097,27766.58
28099,28895.428
28101,26844.115
28103,23836.768
28105,24039.623
28107,25005.232
28109,28498.756
28111,23731.221
28113,27226.318
28115,30059.6
28117,26310.242
28119,22165.592
28121,35567.492
28123,26669.082
28125,22612.164
28127,25467.627
28129,28860.766
28131,26206.135
28133,18895.246
28135,21420.967
28137,29931.711
28139,26302.297
28141,29643.191
28143,22618.209
28145,29942.131
28147,24232.945
28149,33240.129
28151,26529.975
28153,24504.242
28155,27756.727
28157,20495.723
28159,28110.711
28161,29308.912
28163,22885.35
29001,25285.41
29003,36350.949
29005,34345.582
29007,31145.004
29009,29259.537
29011,28091.488
29013,30619.287
29015,30711.631
29017,26108.695
29019,32998.883
29021,32727.236
29023,30247.953
29025,30702.023
29027,29634.805
29029,38152.594
29031,33396.285
29033,32168.854
29035,25771.279
29037,40008.125
29039,29240.641
29041,32234.641
29043,33965.047
29045,30363.684
29047,41697.207
29049,35973.656
29051,36363.582
29053,27028.691
29055,28757.775
29057,29089.273
29059,29895.807
29061,32999.641
29063,20257.697
29065,28502.838
29067,27571.314
29069,26556.738
29071,37036.773
29073,33982.777
29075,33755.371
29077,33881.043
29079,30897.846
29081,29555.916
29083,32694.289
29085,28811.635
29087,32416.977
29089,28169.705
29091,27290.775
29093,27333.99
29095,38403.043
29097,30473.23
29099,34928.762
29101,27408.402
29103,27620.928
29105,29902.482
29107,35180.434
29109,30300.291
29111,28176.189
29113,32709.363
29115,31661.363
29117,32641.221
29119,24756.93
29121,31405.504
29123,25508.414
29125,29960.629
29127,32317.246
29129,30769.264
29131,29285.199
29133,25305.65
29135,29228.893
29137,29030.223
29139,29474.754
29141,32176.334
29143,27235.922
29145,33042.332
29147,25180.943
29149,24903.438
29151,33072.211
29153,27561.016
29155,26414.85
29157,32013.402
29159,31445.91
29161,28233.643
29163,25127.656
29165,46112.629
29167,25433.031
29169,23587.986
29171,29987.063
29173,30911.764
29175,27173.641
29177,35401.875
29179,24532.148
29181,25137.42
29183,42986.938
29185,28357.203
29186,33197.234
29187,27274.727
29189,51569.602
29195,30049.246
29197,32117.672
29199,30703.715
29201,30026.568
29203,22567.115
29205,31277.609
29207,28054.322
29209,34573.504
29211,27138.334
29213,31874.42
29215,26938.627
29217,29271.346
29219,37165.41
29221,23148.186
29223,26726.764
29225,27005.502
29227,29973.578
29229,25509.619
29510,30072.418
30001,27666.92
30003,20646.441
30005,24531.953
30007,31453.045
30009,32880.07
30011,25612.711
30013,32956.797
30015,29843.049
30017,30135.74
30019,32704.502
30021,28512.17
30023,29833.904
30025,30324.568
30027,31425.115
30029,33412.902
30031,31326.625
30033,27448.969
30035,23251.865
30037,27515.115
30039,31727.848
30041,28411.064
30043,32675.754
30045,28984.854
30047,29661.941
30049,33935.82
30051,30352.072
30053,26385.406
30055,30685.789
30057,32097.996
30059,29471.545
30061,28146.754
30063,30396.717
30065,28446.74
30067,32355.494
30069,30829.1
30071,30183.422
30073,29395.814
30075,30695.07
30077,22317.059
30079,28904.416
30081,34275.816
30083,31887.758
30085,23023.98
30087,28568.316
30089,27413.76
30091,33726.703
30093,31862.008
30095,34148.016
30097,36045.945
30099,29479.492
30101,26948.678
30103,29148.301
30105,31835.535
30107,23396.24
30109,34114.906
30111,35927.699
31001,34088.836
31003,30662.307
31005,30408.463
31007,34956.668
31009,24487.711
31011,34538.418
31013,35863.031
31015,29558.012
31017,33504.781
31019,30513.32
31021,35426.625
31023,34070.551
31025,38058.113
31027,34023.977
31029,35816.828
31031,31606.313
31033,34754.121
31035,34340.547
31037,30194.408
31039,34685.574
31041,34584.715
31043,30204.711
31045,28574.264
31047,31675.125
31049,37226.098
31051,31707.904
31053,34543.844
31055,41646.129
31057,31609.93
31059,36559.578
31061,33224.984
31063,31643.883
31065,36165.074
31067,33790.465
31069,31316.234
31071,30839.848
31073,36829.258
31075,28951.656
31077,29862.73
31079,33080.051
31081,35208.656
31083,32887.121
31085,29782.225
31087,30656.031
31089,31453.988
31091,34174.383
31093,31692.516
31095,37774.738
31097,34740.758
31099,34998.406
31101,34485.672
31103,25003.479
31105,36440.637
31107,30309.441
31109,36446.328
31111,35807.512
31113,30613.752
31115,26385.824
31117,27967.348
31119,31740.547
31121,32484.533
31123,29353.006
31125,35568.398
31127,32159.234
31129,33815.73
31131,36124.238
31133,36967.332
31135,36379.23
31137,38186.039
31139,32889.492
31141,35401.434
31143,37314
31145,32595.061
31147,33044.91
31149,28875.703
31151,31181.137
31153,39713.07
31155,36365.152
31157,34152.777
31159,34118.602
31161,31203.291
31163,29713.857
31165,31656.201
31167,30317.727
31169,36374.918
31171,30351.701
31173,24205.77
31175,32535.688
31177,39293.16
31179,25073.635
31181,36569.242
31183,30355.123
31185,34431.906
32001,36786.16
32003,38979.406
32005,51066.613
32007,33467.121
32009,34632.867
32011,35014.434
32013,35841.02
32015,31623.182
32017,30355.637
32019,35097.293
32021,34004.047
32023,35106.926
32027,23267.77
32029,41111.246
32031,42870.406
32033,29195.041
32510,37545.121
33001,41950.102
33003,42015.191
33005,36892.77
33007,32992.289
33009,37623.875
33011,45577.832
33013,41679.422
33015,48111.691
33017,35599.125
33019,40436.074
34001,38868.863
34003,62514.258
34005,47972.535
34007,41816.012
34009,47861.512
34011,30571.498
34013,45643.586
34015,41600.242
34017,36719.438
34019,65187.621
34021,49802.008
34023,47451.141
34025,58182.664
34027,66816.172
34029,48415.527
34031,39427.664
34033,39139.41
34035,69154.18
34037,48822.824
34039,50336.117
34041,48168.145
35001,37261.461
35003,26310.363
35005,29589.266
35006,21879.354
35007,32085.58
35009,28867.781
35011,30600.162
35013,26346.344
35015,31454.863
35017,28470.898
35019,18885.588
35021,35556.02
35023,25118.66
35025,27383.326
35027,37480.16
35028,64331.992
35029,23806.5
35031,19744.18
35033,24972.615
35035,27004.166
35037,29950.961
35039,26551.92
35041,26656.863
35043,36187.605
35045,27276.459
35047,24347.887
35049,41295.035
35051,32267.135
35053,23980.055
35055,28915.01
35057,26820.629
35059,30304.994
35061,27419.436
36001,42120.652
36003,27133.162
36005,25845.15
36007,35832.852
36009,30226.023
36011,32373.893
36013,31578.689
36015,33468.539
36017,31279.639
36019,29507.836
36021,41926.652
36023,29430.227
36025,33348.922
36027,42774.523
36029,38584.391
36031,32001.738
36033,24591.139
36035,31562.25
36037,34712.617
36039,33430.922
36041,35492.355
36043,30933.242
36045,27861.236
36047,30792.057
36049,28730.703
36051,30370.367
36053,34467.965
36055,42202.023
36057,33527.176
36059,60831.152
36061,69992.703
36063,36499.133
36065,34328.887
36067,40080.207
36069,39658.352
36071,39957.289
36073,29254.311
36075,30777.66
36077,30060.783
36079,53478.344
36081,34166.418
36083,38362.676
36085,43238.695
36087,52543.168
36089,26728.193
36091,42855.176
36093,42309.242
36095,32505.543
36097,31760.973
36099,32925.152
36101,34949.805
36103,48824.273
36105,34077.855
36107,35583.781
36109,31176.426
36111,36691.895
36113,38520.27
36115,32522.494
36117,36047.758
36119,68847.938
36121,28428.379
36123,31999.883
37001,35743.379
37003,33299.086
37005,33006.004
37007,27540.361
37009,30368.369
37011,26624.447
37013,31793.994
37015,27746.328
37017,27432.93
37019,36803.32
37021,36912.797
37023,31516.078
37025,38763.883
37027,31440.814
37029,34064.074
37031,39048.602
37033,28145.234
37035,36776.691
37037,42907.488
37039,30296.979
37041,28978.158
37043,35280.164
37045,32484.305
37047,27283.225
37049,32201.258
37051,29500.768
37053,36594.457
37055,42048.805
37057,33948.668
37059,39493.957
37061,26882.346
37063,39019.418
37065,26924.416
37067,41646.512
37069,31418.311
37071,35014.816
37073,31189.436
37075,26938.57
37077,29559.018
37079,24535.732
37081,41338.754
37083,26686.504
37085,29930.055
37087,35191.949
37089,41432.984
37091,29470.545
37093,24806.916
37095,23746.631
37097,38830.688
37099,29649.426
37101,33698.773
37103,30403.582
37105,35479.402
37107,31488.193
37109,33695.031
37111,29229.549
37113,37010.883
37115,28761.367
37117,28890.121
37119,47270.727
37121,30061.453
37123,30831.02
37125,47466.344
37127,34415.969
37129,40054.18
37131,30021.852
37133,22450.766
37135,39981.066
37137,33520.215
37139,27092.563
37141,32409.807
37143,30836.49
37145,33981.348
37147,31252.076
37149,40748.402
37151,33252.316
37153,26719.275
37155,24220.836
37157,31580.85
37159,33239.469
37161,30648.568
37163,27735.039
37165,29070.707
37167,33311.691
37169,32216.689
37171,32982.5
37173,27424.434
37175,40054.871
37177,25095.262
37179,39899.012
37181,30150.221
37183,45899.719
37185,28053.756
37187,29027.094
37189,26721.473
37191,30414.439
37193,31974.59
37195,31562.498
37197,34504.055
37199,30887.051
38001,37009.754
38003,31931.301
38005,25569.471
38007,30174.893
38009,31563.232
38011,35938.676
38013,29367.1
38015,36748.199
38017,35665.547
38019,33223.734
38021,31440.004
38023,34711.684
38025,29662.303
38027,34824.086
38029,32257.875
38031,37800.004
38033,30148.203
38035,30250.469
38037,30351.652
38039,34889.809
38041,33726.184
38043,29679.99
38045,35736.363
38047,37287.168
38049,31393.66
38051,36866.668
38053,30626.342
38055,32503.268
38057,35288.945
38059,32863.914
38061,27573.881
38063,35336.109
38065,31111.336
38067,37053.34
38069,30156.172
38071,35682.68
38073,37222.387
38075,33217.523
38077,30268.387
38079,22564.852
38081,37305.629
38083,28926.197
38085,16103.456
38087,27323.695
38089,29934.605
38091,37071.984
38093,32761.088
38095,37193.582
38097,36228.527
38099,32678.795
38101,30995.705
38103,39181.395
38105,32341.188
39001,27356.982
39003,32710.939
39005,32184.623
39007,32048.002
39009,21910.518
39011,37969.617
39013,30157.611
39015,31980.195
39017,39482.984
39019,31253.18
39021,36036.848
39023,36690.004
39025,40658.785
39027,33761.609
39029,30725.713
39031,31253.525
39033,33085.734
39035,42617.766
39037,35842.203
39039,36671.066
39041,56992.277
39043,40815.941
39045,39844.379
39047,33602.672
39049,40623.141
39051,36498.156
39053,27862.936
39055,52941.652
39057,40348.477
39059,29575.414
39061,44970.168
39063,39174.465
39065,29107.471
39067,31336.904
39069,36116.414
39071,31522.162
39073,29477.67
39075,28884.348
39077,34343.371
39079,27703.77
39081,31259.512
39083,32525.615
39085,42716.77
39087,27440.229
39089,37759.375
39091,36303.82
39093,38949.238
39095,38417.469
39097,31628.842
39099,36293.422
39101,32498.152
39103,44340.852
39105,25752.203
39107,36778.199
39109,40192.289
39111,28750.938
39113,40133.398
39115,26463.332
39117,32871.465
39119,32943.324
39121,22965.459
39123,41159.07
39125,33710.945
39127,29602.375
39129,29065.703
39131,30584.756
39133,35431.109
39135,34442.508
39137,36715.09
39139,34064.695
39141,30015.145
39143,36294.852
39145,28354.658
39147,31990.553
39149,38118.559
39151,38388.195
39153,42491.102
39155,36317.629
39157,32872.172
39159,37052.465
39161,35349.016
39163,25891.037
39165,45939.254
39167,33015.313
39169,34301.918
39171,34447.391
39173,36678.176
39175,33161.711
40001,21724.652
40003,25880.389
40005,21692.143
40007,34831.879
40009,26418.391
40011,24788.064
40013,26989.723
40015,25660.58
40017,34956.594
40019,29995.619
40021,24479.445
40023,24407.109
40025,32943.953
40027,33786.285
40029,24468.232
40031,26442.119
40033,29465.855
40035,29728.223
40037,30437.266
40039,27888.113
40041,30254.375
40043,31408.115
40045,33280.805
40047,32969.473
40049,29164.258
40051,29601.834
40053,32896.43
40055,23504.402
40057,27494.086
40059,36705.98
40061,27403.98
40063,23254.002
40065,29398.082
40067,25258.408
40069,26179.807
40071,32802.406
40073,34905.953
40075,28584.973
40077,24579.627
40079,25288.477
40081,28521.115
40083,30978.455
40085,32229.887
40087,33490.199
40089,26306.295
40091,33554.801
40093,34667.91
40095,29690.953
40097,29525.203
40099,30902.025
40101,28477.197
40103,31773.135
40105,28454.426
40107,23198.504
40109,35623.898
40111,27294.6
40113,31424.346
40115,28255.215
40117,29408.164
40119,25658.682
40121,28128.029
40123,27360.846
40125,29768.861
40127,25882.072
40129,33072.805
40131,35804.078
40133,27269.52
40135,25685.631
40137,32439.912
40139,29304.627
40141,29047.123
40143,38679.605
40145,33401.426
40147,40235.949
40149,31415.047
40151,31716.635
40153,30999.443
41001,31021.107
41003,36126.762
41005,47038.359
41007,35700.289
41009,37406.969
41011,33100.121
41013,31767.434
41015,38195.055
41017,39875.121
41019,32084.764
41021,34610.191
41023,32735.641
41025,30895.787
41027,33576.984
41029,37058.648
41031,30485.963
41033,34350.336
41035,31646.604
41037,31635.098
41039,35089.168
41041,35865
41043,33496.332
41045,25241.832
41047,34036.25
41049,30201.834
41051,38850.949
41053,35507.48
41055,35130.059
41057,37003.945
41059,30294.607
41061,31440.096
41063,34762.172
41065,33259.699
41067,44371.73
41069,32014.377
41071,33520.051
42001,34176.469
42003,42428.684
42005,30127.107
42007,35466.512
42009,31215.49
42011,39836.375
42013,31300.635
42015,32991.891
42017,50338.055
42019,38560.758
42021,30342.934
42023,32481.299
42025,32719.693
42027,28393.82
42029,57483.055
42031,27333.881
42033,29690.592
42035,28907.201
42037,30428.516
42039,31804.723
42041,41745.477
42043,40695.199
42045,47371.461
42047,35266.047
42049,33003.734
42051,29439.596
42053,26768.479
42055,36694.555
42057,30846.994
42059,26426.832
42061,27231.42
42063,26939.258
42065,31177.959
42067,30587.434
42069,36259.672
42071,39043.125
42073,33311.512
42075,37093.617
42077,41353.844
42079,34581.496
42081,31918.523
42083,31379.846
42085,33838.469
42087,30459.15
42089,37053.672
42091,57646.133
42093,37010.266
42095,39744.617
42097,31157.963
42099,33923.977
42101,30716.676
42103,39423.223
42105,31764.68
42107,32435.951
42109,30636.184
42111,28498.387
42113,31606.111
42115,31614.842
42117,29030.734
42119,28042.729
42121,30578.715
42123,34170.426
42125,37921.5
42127,32273.498
42129,37491.57
42131,32222.199
42133,38696.996
44001,49812.629
44003,44257.711
44005,48356.813
44007,35554.285
44009,45516.59
45001,28246.012
45003,35131.531
45005,21261.678
45007,34088
45009,23106.859
45011,30088.832
45013,46837.832
45015,29299.328
45017,32490.826
45019,37856.527
45021,30335.582
45023,27722.568
45025,26368.371
45027,26091.92
45029,28268.955
45031,30276.188
45033,25165.424
45035,34349.246
45037,26351.549
45039,28030.318
45041,32271.824
45043,37942.543
45045,39631.074
45047,32772.199
45049,24801.201
45051,35832.246
45053,25835.791
45055,34145.82
45057,29688.057
45059,28775.375
45061,25111.08
45063,37817.09
45065,25843.125
45067,26099.588
45069,24297.023
45071,29745.244
45073,35160.574
45075,28057.555
45077,29760.604
45079,35132.168
45081,30881.928
45083,33942.895
45085,28973.309
45087,30163.02
45089,24491.402
45091,36985.465
46003,29374.012
46005,35591.121
46007,20815.139
46009,26144.117
46011,28771.127
46013,34559.652
46015,30998.516
46017,10511.805
46019,27446.576
46021,30181.338
46023,24752.998
46025,33567.16
46027,22343.672
46029,35475.801
46031,18695.354
46033,32359.604
46035,34475.273
46037,34257.41
46039,33268.289
46041,19529.359
46043,29906.199
46045,35105.281
46047,34390.473
46049,32001.637
46051,33122.324
46053,29850.363
46055,32718.281
46057,36121.805
46059,41112.516
46061,30420.992
46063,24955.018
46065,39402.742
46067,35255.352
46069,36297.063
46071,21036.867
46073,35814.395
46075,30669.459
46077,36338.082
46079,30257.465
46081,30886.486
46083,41817.02
46085,29346.719
46087,35016.992
46089,29516.895
46091,32411.158
46093,31954.357
46095,21714.945
46097,33364.051
46099,37295.676
46101,32726.469
46103,34651.789
46105,33912.133
46107,37190.402
46109,27611.459
46111,37139.125
46113,13646.953
46115,30952.168
46117,36922.641
46119,33870.383
46121,16640.523
46123,29459.703
46125,36708.707
46127,46224.828
46129,31654.631
46135,31828.621
46137,16176.897
47001,35905.629
47003,30956.916
47005,27688.885
47007,24402.461
47009,35284.609
47011,32139.531
47013,24551.996
47015,30433.209
47017,31070.701
47019,26262.936
47021,33857.258
47023,28736.346
47025,23741.709
47027,24728.256
47029,24983.307
47031,34127.656
47033,28345.711
47035,33439.738
47037,39588.133
47039,32509.047
47041,31290.771
47043,32995.414
47045,30732.135
47047,33340.734
47049,23777.287
47051,32986.453
47053,31646.928
47055,32603.031
47057,25990.52
47059,28752.629
47061,22515.436
47063,31728.043
47065,39198.176
47067,22005.453
47069,22858.096
47071,29242.252
47073,28893.662
47075,27985.008
47077,31308.273
47079,30211.35
47081,24977.49
47083,30244.256
47085,33194.848
47087,27067.748
47089,29829.844
47091,23221.42
47093,38402.938
47095,15281.158
47097,23777.504
47099,30673.906
47101,27579.785
47103,35413.629
47105,38628.887
47107,31027.178
47109,30621.221
47111,28550.727
47113,35617.047
47115,29633.461
47117,32589.424
47119,35670.691
47121,26505.967
47123,27677.939
47125,30443.141
47127,35031.762
47129,21324.742
47131,32501.207
47133,25518.93
47135,32706.924
47137,27817.094
47139,29239.787
47141,29743.715
47143,28529.762
47145,34297.891
47147,34883.621
47149,34371.902
47151,23672.279
47153,29962.5
47155,32080.984
47157,38201.773
47159,32179.771
47161,30458.824
47163,35117.863
47165,37957.137
47167,33329.063
47169,29234.213
47171,29082.123
47173,24229.479
47175,31373.641
47177,29057.783
47179,33342.973
47181,22471.406
47183,26876.691
47185,28068.047
47187,58713.117
47189,40535.949
48001,19981.115
48003,30721.473
48005,29418.92
48007,37014.066
48009,37310.664
48011,35407.828
48013,28000.482
48015,35117.098
48017,26130.387
48019,37991.41
48021,32979.434
48023,35578.344
48025,17632.518
48027,30831.953
48029,33687.789
48031,37792.09
48033,34631.215
48035,35637.797
48037,31245.646
48039,36195.492
48041,25397.445
48043,27334.688
48045,29928.197
48047,20940.49
48049,29713.73
48051,32868.375
48053,37048.219
48055,28708.77
48057,33313.254
48059,30371.547
48061,22077.99
48063,32388.904
48065,38544.59
48067,31571.988
48069,28787.869
48071,36408.309
48073,26582.459
48075,21589.363
48077,31882.797
48079,27034.031
48081,34037.066
48083,32197.359
48085,58026.941
48087,32602.184
48089,33436.371
48091,41456.648
48093,30101.939
48095,21670.334
48097,34647.629
48099,19915.482
48101,35276.191
48103,30506.561
48105,28148.715
48107,29647.953
48109,21737.559
48111,26207.307
48113,40142.852
48115,26249.104
48117,26842.344
48119,30319.713
48121,45729.641
48123,28580.643
48125,22523.021
48127,19800.553
48129,31857.314
48131,21583.027
48133,30076.949
48135,28633.395
48137,25919.01
48139,37610.387
48141,25589.076
48143,30105.768
48145,26985.48
48147,29574.041
48149,38753.164
48151,31983.232
48153,30018.641
48155,31901.16
48157,45056.852
48159,34588.086
48161,29537.547
48163,18342.424
48165,26420.262
48167,39291.504
48169,24539.123
48171,43204.578
48173,35986.254
48175,33966.719
48177,28892.99
48179,32451.084
48181,35854.336
48183,34522.418
48185,25896.873
48187,34526.223
48189,26194.633
48191,25472.928
48193,35678.375
48195,34695.406
48197,34534.113
48199,33486.637
48201,38276.887
48203,31093.305
48205,28077.146
48207,32850.27
48209,32963.352
48211,32428.898
48213,35073.141
48215,20099.174
48217,30639.813
48219,28488.607
48221,43328.156
48223,33074.566
48225,26157.639
48227,25921.924
48229,19235.115
48231,32691.254
48233,34199.852
48235,39352.215
48237,26783.018
48239,33181.133
48241,30315.07
48243,35799.906
48245,32508.107
48247,24819.746
48249,24354.031
48251,34012.609
48253,20850.113
48255,19791.699
48257,34979.336
48259,46695.227
48261,30873.137
48263,36706.293
48265,41713.879
48267,36229.574
48269,21450.164
48271,34424.93
48273,24368.127
48275,29370.707
48277,33168.992
48279,31048.957
48281,33554.941
48283,18428.023
48285,33852.191
48287,33317.621
48289,35435.008
48291,27571.988
48293,27149.322
48295,33341.973
48297,29482.436
48299,51023.824
48301,41516.527
48303,31009.385
48305,28777.6
48307,30205.91
48309,31938.41
48311,43692.402
48313,21941.949
48315,28439.092
48317,31959.631
48319,44194.93
48321,30778.33
48323,18470.301
48325,28193.141
48327,33325.266
48329,39298.418
48331,34633
48333,34294.102
48335,20884.273
48337,34554.98
48339,44985.535
48341,30721.383
48343,31981.584
48345,36160.355
48347,27061.781
48349,29744.01
48351,24928.887
48353,27811.195
48355,31678.686
48357,33298.344
48359,29489.584
48361,32754.256
48363,30217.676
48365,29958.24
48367,36953.512
48369,28063.758
48371,21030.215
48373,29268.238
48375,27619.879
48377,19746.488
48379,31427.271
48381,40102.375
48383,26365.986
48385,28800.305
48387,30008.979
48389,19976.424
48391,31149.887
48393,38248.055
48395,30369.887
48397,52695.18
48399,28497.988
48401,31778.813
48403,33627.91
48405,31950.131
48407,31306.771
48409,29081.244
48411,31001.908
48413,32536.373
48415,28892.992
48417,33323.559
48419,30283.064
48421,34671.797
48423,36177.734
48425,34442.918
48427,14194.338
48429,29162.727
48431,33688.535
48433,33441.367
48435,33794.023
48437,27932.199
48439,40142.297
48441,31468.658
48443,27198.291
48445,26373.377
48447,36332.324
48449,30308.719
48451,31705.855
48453,42730.586
48455,32023.566
48457,28546.697
48459,31276.988
48461,27750.146
48463,25453.098
48465,23321.238
48467,33345.777
48469,34805.242
48471,19906.367
48473,27816.287
48475,28654.066
48477,33504.68
48479,21386.654
48481,30079.545
48483,32438.879
48485,29656.932
48487,32051.373
48489,17152.453
48491,44428.57
48493,32484.443
48495,27402.793
48497,32861.68
48499,34450.84
48501,28670.057
48503,33638.051
48505,22453.928
48507,15281.039
49001,31208.537
49003,32166.66
49005,27492.91
49007,29172.891
49009,26664.797
49011,37455.809
49013,25113.754
49015,28202.678
49017,27017.732
49019,31770.045
49021,25269.434
49023,26839.82
49025,31153.473
49027,28634.309
49029,35200.742
49031,25922.678
49033,35386.16
49035,36806.273
49037,21651.326
49039,23826.039
49041,29212.15
49043,58288.547
49045,31171.896
49047,26885.262
49049,29174.379
49051,38289.379
49053,34020.711
49055,32242.195
49057,34879.383
50001,34269.926
50003,39891.121
50005,31512.281
50007,39752.996
50009,27561.205
50011,33267.941
50013,40683.555
50015,37338.496
50017,34761.586
50019,29540.311
50021,34550.945
50023,37438.277
50025,37309.711
50027,41798.691
51001,30856.053
51003,51783.383
51005,36631.215
51007,35391.164
51009,30659.059
51011,34039.605
51013,59066.16
51015,35284.781
51017,40708.047
51019,39280.602
51021,28097.262
51023,39914.285
51025,23816.596
51027,20967.926
51029,22972.172
51031,33267.043
51033,32542.977
51035,30428.252
51036,33572.84
51037,28889.789
51041,45053.629
51043,45286.063
51045,31603.053
51047,35561.902
51049,28639.996
51051,22945.922
51053,33917.906
51057,34084.457
51059,63273.73
51061,52505.086
51063,30458.176
51065,36824.309
51067,35261.836
51069,37970.262
51071,34482.207
51073,37006.457
51075,49406.484
51077,28813.455
51079,34593.703
51081,19835.832
51083,30980.727
51085,45849.332
51087,48072.77
51089,31341.658
51091,30995.246
51093,36987.551
51095,55536.066
51097,32812.527
51099,39419.867
51101,39915.16
51103,51346.648
51105,25036.879
51107,59955.043
51109,35514.945
51111,25496.875
51113,34983.957
51115,46594.957
51117,31276.734
51119,44546.371
51121,26220.514
51125,40578.602
51127,39714.672
51131,33755.238
51133,47678.141
51135,27623.496
51137,40517.359
51139,30345.416
51141,29114.67
51143,30972.684
51145,39391.449
51147,24277.342
51149,30683.137
51153,44854.746
51155,33420.02
51157,43431.176
51159,25413.639
51161,45563.52
51163,33686.379
51165,34935.41
51167,24784.32
51169,27729.297
51171,37218.996
51173,29248.629
51175,28402.061
51177,41570.426
51179,44640.254
51181,31294.283
51183,22476.408
51185,27463.154
51187,36511.672
51191,32815.297
51193,38144.559
51195,25590.313
51197,32434.363
51199,45029.438
51510,58509.223
51515,29288.201
51520,33282.801
51530,30269.367
51540,25558.482
51550,37699.559
51560,30195.549
51570,46205.867
51580,32576.113
51590,33833.434
51595,31989.744
51600,53363.328
51610,72346.094
51620,36412.141
51630,35549.879
51640,33310.965
51650,31166.414
51660,21734.453
51670,32234.369
51678,24659.014
51680,33114.313
51683,42753.219
51685,37732.031
51690,33880.629
51700,32141.066
51710,28192.789
51720,29279.516
51730,30368.832
51735,46947.047
51740,29962.727
51750,21013.754
51760,35536.121
51770,34745.242
51775,36441.375
51790,33856.539
51800,35335.055
51810,39366.063
51820,34837.141
51830,24984.604
51840,37216.895
53001,27410.154
53003,34353.148
53005,40051.957
53007,37715.957
53009,38255.969
53011,39507.313
53013,34524.145
53015,34856.109
53017,33494.324
53019,27167.398
53021,30406.08
53023,35192.246
53025,29724.973
53027,32371.092
53029,40458.094
53031,42905.961
53033,50402.457
53035,39422.59
53037,31483.064
53039,31458.697
53041,33053.75
53043,35853.184
53045,33262.773
53047,28454.209
53049,34960.32
53051,30483.1
53053,37547.371
53055,58628.395
53057,40345.469
53059,32556.746
53061,41938.738
53063,34963.309
53065,30553.475
53067,40084.145
53069,37394.105
53071,29958.141
53073,35490.734
53075,23643.736
53077,30214.326
54001,22863.352
54003,32393.871
54005,26349.773
54007,24769.451
54009,32064.51
54011,31499.463
54013,21430.691
54015,22242.824
54017,25407.395
54019,25184.164
54021,21642.807
54023,29045.322
54025,30697.156
54027,27851.342
54029,33648.523
54031,29516.959
54033,31689.504
54035,30433.189
54037,36154.98
54039,37790.824
54041,25774.824
54043,23511.564
54045,25556.271
54047,18942.23
54049,30095.191
54051,31029.564
54053,27359.002
54055,29045.527
54057,28533.953
54059,22405.893
54061,27377.33
54063,29379.604
54065,34194.695
54067,28438.545
54069,33319.309
54071,29954.559
54073,31239.873
54075,26827.596
54077,25074.621
54079,37120.855
54081,29503.217
54083,26953.33
54085,27953.801
54087,24263.781
54089,23654.086
54091,25284.029
54093,30400.953
54095,29015.229
54097,24555.518
54099,27775.949
54101,22575.953
54103,32338.568
54105,26131.098
54107,33561.816
54109,25602.635
55001,35164.324
55003,30466.787
55005,34785.59
55007,31545.002
55009,38902.078
55011,35178.633
55013,34839.07
55015,41368.551
55017,34762.035
55019,30922.639
55021,39252.285
55023,31982.818
55025,41866.383
55027,35194.145
55029,40359.16
55031,32137.512
55033,29793.824
55035,33805.133
55037,34818.094
55039,36988.707
55041,33154.004
55043,30408.633
55045,39562.051
55047,37064.395
55049,36926.863
55051,34011.031
55053,31797.646
55055,38623.793
55057,35051.797
55059,39156.734
55061,35561.215
55063,34997.746
55065,32885.777
55067,33832.668
55069,34327.809
55071,38777.934
55073,38780.031
55075,33373.941
55077,29675.971
55078,21942.461
55079,37237.367
55081,32823.434
55083,36526.07
55085,38004.09
55087,40490.398
55089,59866.254
55091,35899.316
55093,34687.531
55095,36967.719
55097,34399.027
55099,34787.121
55101,40623.336
55103,33225.035
55105,38862.34
55107,30786.061
55109,43873.465
55111,37594.785
55113,34220.609
55115,34848.059
55117,39567.211
55119,34057.02
55121,34278.801
55123,32154.51
55125,37366.727
55127,37837.188
55129,34423.34
55131,44612.469
55133,53708.703
55135,36071.293
55137,35859.414
55139,38201.02
55141,38763.168
56001,25784.818
56003,30988.803
56005,35346.813
56007,31828.029
56009,34543.266
56011,32751.35
56013,30954.441
56015,30340.299
56017,32502.238
56019,36559.844
56021,34301.82
56023,34467.277
56025,34893.109
56027,30782.982
56029,33356.141
56031,34274.055
56033,36156.254
56035,36555.609
56037,34685.379
56039,59596.723
56041,31758.189
56043,35495.535
56045,31128.643
